page_title,views_details
How does artificial intelligence learn?,"513,440 views | Briana Brownell ‚Ä¢ TED-Ed"
The danger of AI is weirder than you think,"3,170,321 views | Janelle Shane ‚Ä¢ TED2019"
The wonderful and terrifying implications of computers that can learn,"2,693,800 views | Jeremy Howard ‚Ä¢ TEDxBrussels"
How do we find dignity at work?,"2,204,611 views | Roy Bahat and Bryn Freedman ‚Ä¢ TED Salon: Zebra Technologies"
The incredible inventions of intuitive AI,"7,349,317 views | Maurice Conti ‚Ä¢ TEDxPortland"
How AI can bring on a second Industrial Revolution,"1,864,143 views | Kevin Kelly ‚Ä¢ TEDSummit"
"How AI can enhance our memory, work and social lives","2,166,189 views | Tom Gruber ‚Ä¢ TED2017"
We're building a dystopia just to make people click on ads,"3,353,192 views | Zeynep Tufekci ‚Ä¢ TEDGlobal>NYC"
How AI can save our humanity,"4,115,567 views | Kai-Fu Lee ‚Ä¢ TED2018"
Why fascism is so tempting ‚Äî and how your data could power it,"4,641,498 views | Yuval Noah Harari ‚Ä¢ TED2018"
How AI can help shatter barriers to equality,"1,487,973 views | Jamila Gordon ‚Ä¢ TEDWomen 2020"
A future worth getting excited about,"10,559,822 views | Elon Musk ‚Ä¢ TED2022"
What happens in your brain when you pay attention?,"3,518,125 views | Mehdi Ordikhani-Seyedlar ‚Ä¢ TED2017"
Intelligent floating machines inspired by nature,"1,202,734 views | Anicka Yi ‚Ä¢ TED2022"
What if you could sing in your favorite musician's voice?,"1,054,444 views | Holly Herndon ‚Ä¢ TED2022"
"Meet Milo, the virtual boy","867,397 views | Peter Molyneux ‚Ä¢ TEDGlobal 2010"
Can a computer write poetry?,"938,885 views | Oscar Schwartz ‚Ä¢ TEDxYouth@Sydney"
"Building ""self-aware"" robots","1,525,206 views | Hod Lipson ‚Ä¢ TED2007"
"How to get empowered, not overpowered, by AI","1,499,248 views | Max Tegmark ‚Ä¢ TED2018"
A bold idea to replace politicians,"2,224,278 views | C√©sar Hidalgo ‚Ä¢ TED2018"
The medical potential of AI and metabolites,"1,975,960 views | Leila Pirhaji ‚Ä¢ TED2019"
An AI smartwatch that detects seizures,"2,033,061 views | Rosalind Picard ‚Ä¢ TEDxBeaconStreet"
Art in the age of machine intelligence,"1,010,116 views | Refik Anadol ‚Ä¢ TED2020 "
"How do self-driving cars ""see""?","569,115 views | Sajan Saini ‚Ä¢ TED-Ed"
A new equation for intelligence,"2,151,149 views | Alex Wissner-Gross ‚Ä¢ TEDxBeaconStreet"
How we'll earn money in a future without jobs,"3,397,727 views | Martin Ford ‚Ä¢ TED2017"
The ethical dilemma of self-driving cars,"1,907,701 views | Patrick Lin ‚Ä¢ TED-Ed"
AI-generated creatures that stretch the boundaries of imagination,"84,340 views | Sofia Crespo ‚Ä¢ TED2022"
A new way to restore Earth's biodiversity ‚Äî from the air,"582,455 views | Susan Graham ‚Ä¢ TEDMonterey"
Get ready for hybrid thinking,"3,780,592 views | Ray Kurzweil ‚Ä¢ TED2014"
Can we build AI without losing control over it?,"5,884,162 views | Sam Harris ‚Ä¢ TEDSummit"
"A friendly, autonomous robot that delivers your food","1,900,882 views | Ali Kashani ‚Ä¢ TED2020 "
Is humanity smart enough to survive itself?,"1,182,859 views | Jeanette Winterson ‚Ä¢ TED2022"
How AI could empower any business,"1,123,722 views | Andrew Ng ‚Ä¢ TED2022"
4 lessons from robots about being human,"398,060 views | Ken Goldberg ‚Ä¢ TEDxBerkeley"
The value of your humanity in an automated future,"1,377,123 views | Kevin Roose ‚Ä¢ TED@BCG"
How do we learn to work with intelligent machines?,"1,927,658 views | Matt Beane ‚Ä¢ TED Salon: Zebra Technologies"
How AI could become an extension of your mind,"765,070 views | Arnav Kapur ‚Ä¢ TED2019"
3 myths about the future of work (and why they're not true),"1,656,232 views | Daniel Susskind ‚Ä¢ TED@Merck KGaA, Darmstadt, Germany"
"Watson, Jeopardy and me, the obsolete know-it-all","1,432,620 views | Ken Jennings ‚Ä¢ TEDxSeattleU"
How bad data keeps us from good AI,"1,436,125 views | Mainak Mazumdar ‚Ä¢ TED Salon: Dell Technologies"
How we're teaching computers to understand pictures,"2,983,629 views | Fei-Fei Li ‚Ä¢ TED2015"
Technology that knows what you're feeling,"1,735,581 views | Poppy Crum ‚Ä¢ TED2018"
Where's Google going next?,"2,773,603 views | Larry Page ‚Ä¢ TED2014"
How to keep human bias out of AI,"2,306,470 views | Kriti Sharma ‚Ä¢ TEDxWarwick"
Machine intelligence makes human morals more important,"1,855,910 views | Zeynep Tufekci ‚Ä¢ TEDSummit"
The line between life and not-life,"892,964 views | Martin Hanczyc ‚Ä¢ TEDSalon London Spring 2011"
Robots that fly ... and cooperate,"5,402,386 views | Vijay Kumar ‚Ä¢ TED2012"
How computers are learning to be creative,"2,119,619 views | Blaise Ag√ºera y Arcas ‚Ä¢ TED@BCG Paris"
Don't fear superintelligent AI,"2,978,236 views | Grady Booch ‚Ä¢ TED@IBM"
Why we need to imagine different futures,"1,867,545 views | Anab Jain ‚Ä¢ TED2017"
How computers learn to recognize objects instantly,"2,733,921 views | Joseph Redmon ‚Ä¢ TED2017"
"How we can build AI to help humans, not hurt us","1,212,281 views | Margaret Mitchell ‚Ä¢ TED@BCG Milan"
"Siri, Alexa, Google ... what comes next?","1,833,749 views | Karen Lellouche Tordjman ‚Ä¢ TED@BCG"
How civilization could destroy itself ‚Äî and 4 ways we could prevent it,"2,567,646 views | Nick Bostrom ‚Ä¢ TED2019"
3 principles for creating safer AI,"1,559,212 views | Stuart Russell ‚Ä¢ TED2017"
The 4 greatest threats to the survival of humanity,"497,534 views |  TED-Ed ‚Ä¢ TED-Ed"
The rise of personal robots,"1,277,401 views | Cynthia Breazeal ‚Ä¢ TEDWomen 2010"
"Connected, but alone?","7,497,022 views | Sherry Turkle ‚Ä¢ TED2012"
Robots will invade our lives,"714,376 views | Rodney Brooks ‚Ä¢ TED2003"
An animated tour of the invisible,"2,293,052 views | John Lloyd ‚Ä¢ TED-Ed"
How we can teach computers to make sense of our emotions,"1,326,703 views | Raphael Arar ‚Ä¢ TED@IBM"
A fascinating time capsule of human feelings toward AI,"1,999,733 views | Lucy Farey-Jones ‚Ä¢ TED2019"
How humans and AI can work together to create better businesses,"2,366,927 views | Sylvain Duranton ‚Ä¢ TED@BCG Mumbai"
Can machines read your emotions?,"329,401 views | Kostas Karpouzis ‚Ä¢ TED-Ed"
How brain science will change computing,"1,752,940 views | Jeff Hawkins ‚Ä¢ TED2003"
What moral decisions should driverless cars make?,"1,260,808 views | Iyad Rahwan ‚Ä¢ TEDxCambridge"
AI isn't as smart as you think ‚Äî but it could be,"1,863,560 views | Jeff Dean ‚Ä¢ TEDMonterey"
What happens when our computers get smarter than we are?,"5,216,988 views | Nick Bostrom ‚Ä¢ TED2015"
The human skills we need in an unpredictable world,"3,916,850 views | Margaret Heffernan ‚Ä¢ TEDSummit 2019"
The jobs we'll lose to machines ‚Äî and the ones we won't,"2,922,742 views | Anthony Goldbloom ‚Ä¢ TED2016"
Can we learn to talk to sperm whales?,"1,197,019 views | David Gruber ‚Ä¢ TED2020 "
A new way to monitor vital signs (that can see through walls),"1,627,927 views | Dina Katabi ‚Ä¢ TED2018"
Can we learn to talk to sperm whales?,"1,197,019 views | David Gruber ‚Ä¢ TED2020 "
Why people and AI make good business partners,"1,685,100 views | Shervin Khodabandeh ‚Ä¢ TED@BCG"
What would happen if we upload our brains to computers?,"1,494,920 views | Robin Hanson ‚Ä¢ TED2017"
"Robots with ""soul""","3,094,431 views | Guy Hoffman ‚Ä¢ TEDxJaffa 2013"
How I'm using biological data to tell better stories ‚Äî and spark social change,"2,035,737 views | Heidi Boisvert ‚Ä¢ TED Residency"
Silicon-based comedy,"907,595 views | Heather Knight ‚Ä¢ TEDWomen 2010"
The rise of human-computer cooperation,"998,232 views | Shyam Sankar ‚Ä¢ TEDGlobal 2012"
"The Greek myth of Talos, the first robot","2,834,296 views | Adrienne Mayor ‚Ä¢ TED-Ed"
A future with fewer cars,"1,723,522 views | Freeman H. Shen ‚Ä¢ TEDMonterey"
What intelligent machines can learn from a school of fish,"1,307,965 views | Radhika Nagpal ‚Ä¢ TED2017"
How AI is making it easier to diagnose disease,"1,676,105 views | Pratik Shah ‚Ä¢ TEDGlobal 2017"
The real reason for brains,"2,145,812 views | Daniel Wolpert ‚Ä¢ TEDGlobal 2011"
My seven species of robot ‚Äî and how we created them,"2,309,940 views | Dennis Hong ‚Ä¢ TEDxNASA"
The race to build AI that benefits humanity with Sam Altman,"1,016,390 views | The TED Interview ‚Ä¢ TED Audio Collective"
How deepfakes undermine truth and threaten democracy,"3,488,360 views | Danielle Citron ‚Ä¢ TEDSummit 2019"
Can a robot pass a university entrance exam?,"1,723,269 views | Noriko Arai ‚Ä¢ TED2017"
What AI is ‚Äî and isn't,"1,673,095 views | Sebastian Thrun and Chris Anderson ‚Ä¢ TED2017"
Could you recover from illness ... using your own stem cells?,"2,065,232 views | Nabiha Saklayen ‚Ä¢ TEDMonterey"
How new technology helps blind people explore the world,"1,480,214 views | Chieko Asakawa ‚Ä¢ TED@IBM"
How AI could compose a personalized soundtrack to your life,"1,577,872 views | Pierre Barreau ‚Ä¢ TED2018"
"How to be ""Team Human"" in the digital future","1,834,854 views | Douglas Rushkoff ‚Ä¢ TED Salon: Samsung"
6 big ethical questions about the future of AI,"1,939,792 views | Genevieve Bell ‚Ä¢ TED Salon: Dell Technologies"
What is deep tech? A look at how it could shape the future,"1,415,765 views | Antoine Gour√©vitch ‚Ä¢ TED@BCG"
Don't fear intelligent machines. Work with them,"1,925,519 views | Garry Kasparov ‚Ä¢ TED2017"
How I'm fighting bias in algorithms,"1,595,948 views | Joy Buolamwini ‚Ä¢ TEDxBeaconStreet"
Fake videos of real people ‚Äî and how to spot them,"2,228,707 views | Supasorn Suwajanakorn ‚Ä¢ TED2018"
How we're using AI to discover new antibiotics,"1,974,288 views | Jim Collins ‚Ä¢ TED2020 "
A funny look at the unintended consequences of technology,"1,024,933 views | Chuck Nice ‚Ä¢ TED2017"
"How to get better at video games, according to babies","539,551 views | Brian Christian ‚Ä¢ TED-Ed"
A sci-fi vision of life in 2041,"2,220,469 views | Chen Qiufan ‚Ä¢ TEDMonterey"
We're covered in germs. Let's design for that.,"1,078,382 views | Jessica Green ‚Ä¢ TED2013"
Our moral imperative to act on climate change ‚Äî and 3 steps we can take (English voiceover),"103,298 views | His Holiness Pope Francis ‚Ä¢ Countdown"
"Global warming's theme song, ""Manhattan in January""","732,842 views | Jill Sobule ‚Ä¢ TED2006"
A 40-year plan for energy,"1,301,030 views | Amory Lovins ‚Ä¢ TEDSalon NY2012"
Can the ocean run out of oxygen?,"713,004 views | Kate Slabosky ‚Ä¢ TED-Ed"
Whatever happened to acid rain?,"2,408,575 views | Joseph Goffman ‚Ä¢ TED-Ed"
"How we'll resurrect the gastric brooding frog, the Tasmanian tiger","609,800 views | Michael Archer ‚Ä¢ TEDxDeExtinction"
Fusion is energy's future,"853,631 views | Steven Cowley ‚Ä¢ TEDGlobal 2009"
"An urgent call to protect the world's ""Third Pole""","2,112,778 views | Tshering Tobgay ‚Ä¢ TEDSummit 2019"
Humanity's planet-shaping powers ‚Äî and what they mean for the future,"1,325,382 views | Achim Steiner ‚Ä¢ TED Salon: UNDP"
The energy Africa needs to develop ‚Äî and fight climate change,"1,490,148 views | Rose M. Mutiso ‚Ä¢ Countdown"
The secrets I find on the mysterious ocean floor,"1,849,913 views | Laura Robinson ‚Ä¢ TEDxBrussels"
American bipartisan politics can be saved ‚Äî here's how,"2,374,378 views | Bob Inglis ‚Ä¢ TEDxBeaconStreet"
Why wildfires have gotten worse ‚Äî and what we can do about it,"1,463,937 views | Paul Hessburg ‚Ä¢ TEDxBend"
A wide-angle view of fragile Earth,"913,753 views | Yann Arthus-Bertrand ‚Ä¢ TED2009"
The innovations we need to avoid a climate disaster,"1,901,412 views | Bill Gates ‚Ä¢ Countdown"
"What farmers need to be modern, climate-friendly and profitable","1,345,057 views | Beth Ford ‚Ä¢ TED@BCG"
Why we should archive everything on the planet,"54,636 views | Chris Fisher ‚Ä¢ TEDxMileHigh"
How shocking events can spark positive change,"2,645,337 views | Naomi Klein ‚Ä¢ TEDGlobal>NYC"
Why you should be a climate activist,"2,597,507 views | Luisa Neubauer ‚Ä¢ TEDxYouth@M√ºnchen"
This sea creature breathes through its butt,"440,368 views | Cella Wright ‚Ä¢ TED-Ed"
Global priorities bigger than climate change,"1,814,779 views | Bjorn Lomborg ‚Ä¢ TED2005"
"The ""myth"" of the boiling frog","1,517,389 views |  TED-Ed ‚Ä¢ TED-Ed"
Why bees are disappearing,"3,168,798 views | Marla Spivak ‚Ä¢ TEDGlobal 2013"
"Vultures: The acid-puking, plague-busting heroes of the ecosystem","1,382,348 views | Kenny Coogan ‚Ä¢ TED-Ed"
How small countries can make a big impact on climate change,"1,685,844 views | Nicola Sturgeon ‚Ä¢ Countdown Summit"
Why I protest for climate justice,"1,914,343 views | Jane Fonda ‚Ä¢ TEDWomen 2019"
Why act now?,"181,514 views | Kristen Bell + Giant Ant ‚Ä¢ Countdown"
The state of the climate ‚Äî and what we might do about it,"883,001 views | Lord Nicholas Stern ‚Ä¢ TED@Unilever"
Metal that breathes,"1,294,503 views | Doris Kim Sung ‚Ä¢ TEDxUSC"
3 thoughtful ways to conserve water,"1,303,081 views | Lana Mazahreh ‚Ä¢ TED@BCG Milan"
Hooked by an octopus,"1,208,442 views | Mike deGruy ‚Ä¢ Mission Blue Voyage"
Why is the world warming up?,"297,189 views | Kristen Bell + Giant Ant ‚Ä¢ Countdown"
A reality check on renewables,"592,047 views | David MacKay ‚Ä¢ TEDxWarwick"
How to turn climate anxiety into action,"2,190,754 views | Ren√©e Lertzman ‚Ä¢ TEDWomen 2019"
What comes after An Inconvenient Truth?,"1,033,686 views | Al Gore ‚Ä¢ TED2009"
What if cracks in concrete could fix themselves?,"1,551,671 views | Congrui Jin ‚Ä¢ TED-Ed"
A small country with big ideas to get rid of fossil fuels,"1,476,675 views | Monica Araya ‚Ä¢ TEDSummit"
We need to track the world's water like we track the weather,"3,251,805 views | Sonaar Luthra ‚Ä¢ TEDSummit 2019"
How to shift your mindset and choose your future,"2,931,608 views | Tom Rivett-Carnac ‚Ä¢ TED2020 "
Can seaweed help curb global warming?,"3,170,633 views | Tim Flannery ‚Ä¢ TEDSummit 2019"
What to do when climate change feels unstoppable,"1,912,038 views | Clover Hogan ‚Ä¢ TEDxLondonWomen"
The case for optimism on climate change,"2,318,247 views | Al Gore ‚Ä¢ TED2016"
The magic of the Amazon: A river that flows invisibly all around us,"1,223,572 views | Antonio Donato Nobre ‚Ä¢ TEDxAmazonia"
How to transform sinking cities into landscapes that fight floods,"1,940,430 views | Kotchakorn Voraakhom ‚Ä¢ TEDWomen 2018"
What nature can teach us about sustainable business,"310,814 views | Erin Meezan ‚Ä¢ In the Green: The Business of Climate Action"
The ocean's ingenious climate solutions,"1,668,512 views | Susan Ruffo ‚Ä¢ Countdown Summit"
3 ways your company's data can jump-start climate action,"1,615,083 views | Massimo Russo ‚Ä¢ TED@BCG"
Life in Biosphere 2,"1,267,598 views | Jane Poynter ‚Ä¢ TEDxUSC"
Emergency medicine for our climate fever,"1,916,893 views | Kelly Wanser ‚Ä¢ TEDSummit 2019"
How to be a good ancestor,"1,627,218 views | Roman Krznaric ‚Ä¢ Countdown"
Community investment is the missing piece of climate action,"1,624,022 views | Dawn Lippert ‚Ä¢ Countdown Summit"
The untapped energy source that could power the planet,"2,069,893 views | Jamie C. Beard ‚Ä¢ TEDMonterey"
It's impossible to have healthy people on a sick planet,"1,758,239 views | Shweta Narayan ‚Ä¢ Countdown Summit"
How China is (and isn't) fighting pollution and climate change,"1,939,618 views | Angel Hsu ‚Ä¢ TED2018"
5 transformational policies for a prosperous and sustainable world,"1,824,802 views | Johan Rockstr√∂m ‚Ä¢ We the Future"
A new way to remove CO2 from the atmosphere,"3,674,996 views | Jennifer Wilcox ‚Ä¢ TED2018"
A bold plan to protect 30 percent of the Earth's surface and ocean floor,"1,467,470 views | Enric Sala ‚Ä¢ Countdown Summit"
"The ""greenhouse-in-a-box"" empowering farmers in India","1,711,617 views | Sathya Raghu Mokkapati ‚Ä¢ Countdown Summit"
Where does all the carbon we release go?,"236,031 views | Kristen Bell + Giant Ant ‚Ä¢ Countdown"
What if there were 1 trillion more trees?,"3,081,911 views | Jean-Fran√ßois Bastin ‚Ä¢ TED-Ed"
The hidden wonders of soil,"1,332,175 views | Jane Zelikova ‚Ä¢ Countdown Summit"
Africa's great carbon valley ‚Äî and how to end energy poverty,"1,441,177 views | James Irungu Mwangi ‚Ä¢ TED Countdown New York Session 2022"
The eco-creators helping the climate through social media,"1,257,334 views | Zahra Biabani ‚Ä¢ TED Countdown New York Session 2022"
How to find joy in climate action,"1,364,010 views | Ayana Elizabeth Johnson ‚Ä¢ TED2022"
An interactive map to track (and end) pollution in China,"2,027,013 views | Ma Jun ‚Ä¢ TEDMonterey"
How we can curb climate change by spending two percent more on everything,"1,331,997 views | Jens Burchardt ‚Ä¢ TED@BCG"
The wonderful world of life in a drop of water,"1,162,310 views | Simone Bianco and Tom Zimmerman ‚Ä¢ TED@IBM"
Can clouds buy us more time to solve climate change?,"1,338,904 views | Kate Marvel ‚Ä¢ TED2017"
A new economic model for protecting tropical forests¬†,"1,609,476 views | Nat Keohane ‚Ä¢ Countdown Summit"
What seaweed and cow burps have to do with climate change,"1,846,647 views | Ermias Kebreab ‚Ä¢ Countdown Summit"
How to make radical climate action the new normal,"2,540,047 views | Al Gore ‚Ä¢ Countdown Summit"
A bold plan to protect 30 percent of the Earth's surface and ocean floor,"1,467,470 views | Enric Sala ‚Ä¢ Countdown Summit"
How to make radical climate action the new normal,"2,540,047 views | Al Gore ‚Ä¢ Countdown Summit"
The 55 gigaton challenge,"403,840 views | Countdown ‚Ä¢ Countdown Global Livestream"
Why don't we cover the desert with solar panels?,"3,626,366 views | Dan Kwartler ‚Ä¢ TED-Ed"
A new economic model for protecting tropical forests¬†,"1,609,476 views | Nat Keohane ‚Ä¢ Countdown Summit"
What seaweed and cow burps have to do with climate change,"1,846,647 views | Ermias Kebreab ‚Ä¢ Countdown Summit"
How to find joy in climate action,"1,364,010 views | Ayana Elizabeth Johnson ‚Ä¢ TED2022"
The science behind a climate headline,"1,173,228 views | Rachel Pike ‚Ä¢ TEDGlobal 2009"
The race to a zero-emission world starts now,"1,461,191 views | Ant√≥nio Guterres ‚Ä¢ Countdown"
How we can turn the tide on climate,"2,190,162 views | Christiana Figueres and Chris Anderson ‚Ä¢ Countdown"
Plant fuels that could power a jet,"291,631 views | Bilal Bomani ‚Ä¢ TEDxNASA@SiliconValley"
Amazon's climate pledge to be net-zero by 2040,"1,532,460 views | Dave Clark and Kara Hurst ‚Ä¢ Countdown"
The discoveries awaiting us in the ocean's twilight zone,"1,468,277 views | Heidi M. Sosik ‚Ä¢ TED2018"
Ecology from the air,"823,630 views | Greg Asner ‚Ä¢ TEDGlobal 2013"
How we can detect pretty much anything,"327,624 views | H√©l√®ne Morlon and Anna Papadopoulou ‚Ä¢ TED-Ed"
Hopeful lessons from the battle to save rainforests,"985,728 views | Tasso Azevedo ‚Ä¢ TEDGlobal 2014"
How we look kilometers below the Antarctic ice sheet,"1,029,622 views | Dustin Schroeder ‚Ä¢ TEDxStanford"
My country will be underwater soon ‚Äî unless we work together,"1,166,781 views | Anote Tong ‚Ä¢ Mission Blue II"
The secret life of plankton,"1,886,789 views | Tierney Thys and Plankton Chronicles Project ‚Ä¢ TED-Ed"
"The big-beaked, rock-munching fish that protect coral reefs","413,293 views | Mike Gil ‚Ä¢ TED-Ed"
Energy from floating algae pods,"1,135,936 views | Jonathan Trent ‚Ä¢ TEDGlobal 2012"
Apple's promise to be carbon neutral by 2030,"1,383,252 views | Lisa Jackson and Liz Ogbu ‚Ä¢ Countdown"
"Urbanization and the evolution of cities across 10,000 years","2,221,625 views | Vance Kite ‚Ä¢ TED-Ed"
Let's scan the whole planet with LiDAR,"1,755,336 views | Chris Fisher ‚Ä¢ TEDxMileHigh"
Why are blue whales so enormous?,"938,080 views | Asha de Vos ‚Ä¢ TED-Ed"
Why is cotton in everything?,"2,165,631 views | Michael R. Stiff ‚Ä¢ TED-Ed"
The Arctic vs. the Antarctic,"4,293,775 views | Camille Seaman ‚Ä¢ TED-Ed"
The lovable (and lethal) sea lion,"474,827 views | Claire Simeone ‚Ä¢ TED-Ed"
Why I still have hope for coral reefs,"1,399,557 views | Kristen Marhaver ‚Ä¢ TED2017"
Is the weather actually becoming more extreme?,"542,629 views | R. Saravanan ‚Ä¢ TED-Ed"
Climate change is our reality. Here's how we're taking action,"1,270,315 views | Al Gore, Gloria Kasang Bulus, Nana Firman, Ximena Lor√≠a and Tim Guinee ‚Ä¢ Countdown"
The biggest risks facing cities ‚Äî and some solutions,"1,320,427 views | Robert Muggah ‚Ä¢ TEDGlobal>NYC"
Make your actions on climate reflect your words,"1,571,355 views | Severn Cullis-Suzuki ‚Ä¢ Countdown"
Why climate change is a threat to human rights,"1,586,345 views | Mary Robinson ‚Ä¢ TEDWomen 2015"
What a nun can teach a scientist about ecology,"1,697,644 views | Victoria Gill ‚Ä¢ TED@NAS"
How the military fights climate change,"1,036,276 views | David Titley ‚Ä¢ TED2017"
A brief history of divorce,"604,350 views | Rod Phillips ‚Ä¢ TED-Ed"
Love vs. Honor: The Irish myth of Diarmuid's betrayal,"546,576 views | Iseult Gillespie ‚Ä¢ TED-Ed"
What emotions look like in a dog's brain,"2,907,766 views | Gregory Berns ‚Ä¢ TEDxAtlanta"
Beautiful new words to describe obscure emotions,"1,983,398 views | John Koenig ‚Ä¢ TEDxBerkeley"
Technology hasn't changed love. Here's why,"2,308,767 views | Helen Fisher ‚Ä¢ TEDSummit"
How reverse mentorship can help create better leaders,"373,832 views | Patrice Gordon ‚Ä¢ The Way We Work"
"""First Kiss""","517,110 views | Tim Seibles ‚Ä¢ TED-Ed"
What you don't know about marriage,"6,864,467 views | Jenna McCarthy ‚Ä¢ TEDxAmericanRiviera"
Fifty shades of gay,"3,156,752 views | iO Tillett Wright ‚Ä¢ TEDxWomen 2012"
Intimate photos of a senior love triangle,"553,639 views | Isadora Kosofsky ‚Ä¢ TED2018"
How understanding divorce can help your marriage,"3,007,677 views | Jeannie Suk Gersen ‚Ä¢ TEDWomen 2019"
Want to change the world? Start by being brave enough to care,"3,627,222 views | Cleo Wade ‚Ä¢ TEDWomen 2017"
"Why we love, why we cheat","12,246,279 views | Helen Fisher ‚Ä¢ TED2006"
"The keys to a happier, healthier sex life","598,439 views | Emily Nagoski ‚Ä¢ TEDxUniversityofNevada"
"""Everything happens for a reason"" ‚Äî and other lies I've loved","8,218,704 views | Kate Bowler ‚Ä¢ TEDMED 2018"
4 signs of emotional abuse,"602,730 views | Viann Nguyen-Feng ‚Ä¢ TED-Ed"
Say your truths and seek them in others,"2,118,938 views | Elizabeth Lesser ‚Ä¢ TEDWomen 2016"
How to speak up for yourself,"7,344,801 views | Adam Galinsky ‚Ä¢ TEDxNewYork"
The truth about faking orgasms,"855,544 views | Karen Gurney ‚Ä¢ TEDxLondonWomen"
The therapeutic value of photography,"60,168 views | Ryan Pfluger ‚Ä¢ TEDxPasadena"
The myth of the original star-crossed lovers,"489,068 views | Shannon Zhao ‚Ä¢ TED-Ed"
"How to co-parent as allies, not adversaries","2,192,352 views | Ebony Roberts and Shaka Senghor ‚Ä¢ TEDxDetroit"
Are we designed to be sexual omnivores?,"2,345,559 views | Christopher Ryan ‚Ä¢ TED2013"
The science of sex,"660,278 views | Pere Estupiny√† ‚Ä¢ TEDxRiodelaPlata"
The office without a**holes,"23,336 views | WorkLife with Adam Grant ‚Ä¢ WorkLife with Adam Grant"
How to support yourself (and others) through grief,"1,520,476 views | Nina Westbrook ‚Ä¢ How to Deal with Difficult Feelings"
5 ways to create stronger connections,"753,195 views | Robert Reffkin ‚Ä¢ The Way We Work"
Why US laws must expand beyond the nuclear family,"1,925,714 views | Diana Adams ‚Ä¢ TEDWomen 2021"
How to avoid catching prickly emotions from other people,"1,824,743 views | Jessica Garza ‚Ä¢ TED@PMI"
The 100 tampons NASA (almost) sent to space ‚Äî and other absurd songs,"1,654,357 views | Marcia Belsky ‚Ä¢ TEDWomen 2021"
How to speed up chemical reactions (and get a date),"1,845,822 views | Aaron Sams ‚Ä¢ TED-Ed"
What makes life worth living in the face of death,"2,527,152 views | Lucy Kalanithi ‚Ä¢ TEDMED 2016"
The emotions behind your money habits,"2,094,446 views | Robert A. Belle ‚Ä¢ TED Global Idea Search 2021"
How to have constructive conversations,"2,655,986 views | Julia Dhar ‚Ä¢ TED Salon: DWEN"
What makes a friendship last?,"465,332 views | Mona Chalabi ‚Ä¢ Am I Normal? with Mona Chalabi"
The secret to great opportunities? The person you haven't met yet,"2,354,661 views | Tanya Menon ‚Ä¢ TEDxOhioStateUniversity"
How to stop swiping and find your person on dating apps,"2,568,085 views | Christina Wallace ‚Ä¢ TED2018"
The beauty and complexity of finding common ground,"626,943 views | Matt Trombley ‚Ä¢ TED@WellsFargo"
"How to discover your ""why"" in difficult times","2,080,882 views | Simon Sinek ‚Ä¢ TED Membership"
A second chance for fathers to connect with their kids,"1,521,358 views | Charles C. Daniels, Jr. ‚Ä¢ TEDWomen 2021"
Ethical dilemma: Who should you believe?,"668,771 views | Alex Worsnip ‚Ä¢ TED-Ed"
How compassion could save your strained relationships,"1,600,720 views | Betty Hart ‚Ä¢ TEDxCherryCreekWomen"
This could be why you're depressed or anxious,"16,171,954 views | Johann Hari ‚Ä¢ TEDSummit 2019"
How couples can sustain a strong sexual connection for a lifetime,"3,449,587 views | Emily Nagoski ‚Ä¢ TEDxFergusonLibrary"
There's more to life than being happy,"12,690,112 views | Emily Esfahani Smith ‚Ä¢ TED2017"
The science behind how parents affect child development,"2,693,000 views | Yuko Munakata ‚Ä¢ TEDxCU"
What young women believe about their own sexual pleasure,"4,425,923 views | Peggy Orenstein ‚Ä¢ TEDWomen 2016"
The brain in love,"7,258,631 views | Helen Fisher ‚Ä¢ TED2008"
Why art is a tool for hope,"385,430 views |  JR ‚Ä¢ TED2022"
"The profound power of gratitude and ""living eulogies""","1,499,694 views | Andrea Driessen ‚Ä¢ TEDxSeattleWomen"
A love story about the power of art as organizing,"3,312,048 views | Aja Monet and phillip agnew ‚Ä¢ TEDWomen 2018"
Is it really that bad to marry my cousin?,"386,421 views | Mona Chalabi ‚Ä¢ Am I Normal? with Mona Chalabi"
The necessity of normalizing queer love,"548,084 views | Panti Bliss ‚Ä¢ TEDxDublin"
"The legend of Annapurna, Hindu goddess of nourishment","3,449,331 views | Antara Raychaudhuri and Iseult Gillespie ‚Ä¢ TED-Ed"
A sci-fi vision of love from a 318-year-old hologram,"1,046,613 views | Monica Byrne ‚Ä¢ TED2016"
The lost art of letter-writing,"817,423 views | Lakshmi Pratury ‚Ä¢ TED2007"
Ideas worth dating,"972,122 views | Rainn Wilson ‚Ä¢ TED Studio"
Rethinking thinking,"813,784 views | Trevor Maber ‚Ä¢ TED-Ed"
A sex therapist's secret to rediscovering your spark,"422,101 views | Ian Kerner ‚Ä¢ TEDMonterey"
The uncomplicated truth about women's sexuality,"2,571,102 views | Sarah Barmak ‚Ä¢ TEDxToronto"
This is what LGBT life is like around the world,"2,786,407 views | Jenni Chang and Lisa Dazols ‚Ä¢ TEDWomen 2015"
Why I photograph the quiet moments of grief and loss,"1,381,520 views | Caroline Catlin ‚Ä¢ TEDxSeattle"
What is love?,"1,754,198 views | Brad Troeger ‚Ä¢ TED-Ed"
What almost dying taught me about living,"4,792,234 views | Suleika Jaouad ‚Ä¢ TED2019"
How to raise kids who can overcome anxiety,"552,721 views | Anne Marie Albano ‚Ä¢ TEDMED 2020"
How Dolly Parton led me to an epiphany,"2,782,432 views | Jad Abumrad ‚Ä¢ TED2020 "
4 kinds of regret ‚Äî and what they teach you about yourself,"2,170,788 views | Daniel H. Pink ‚Ä¢ TED Membership"
What you discover when you really listen,"2,705,740 views | Hrishikesh Hirway ‚Ä¢ TEDMonterey"
The money talk that every couple needs to have,"593,714 views | Wendy De La Rosa ‚Ä¢ Your Money and Your Mind"
3 lessons of revolutionary love in a time of rage,"3,264,045 views | Valarie Kaur ‚Ä¢ TEDWomen 2017"
7 common questions about workplace romance,"2,556,568 views | Amy Nicole Baker • The Way We Work"
The relationship between sex and imagination,"1,721,256 views | Gina Gutierrez • TED2022"
The journey through loss and grief,"2,412,482 views | Jason B. Rosenthal • TED2018"
The benefits of not being a jerk to yourself,"1,542,000 views | Dan Harris • TED2022"
Why bittersweet emotions underscore life's beauty,"1,598,238 views | Susan Cain • TED Membership"
How friendship affects your brain,"625,070 views | Shannon Odell • TED-Ed"
Rethinking infidelity ... a talk for anyone who has ever loved,"985,363 views | Shreya Joshi • TED2022"
Why domestic violence victims don't leave,"7,520,753 views | Leslie Morgan Steiner • TEDxRainier"
How peer educators can transform sex education,"325,872 views | Thea Holcomb • TEDxSaltLakeCity"
An ode to envy,"2,447,382 views | Parul Sehgal • TEDSalon NY2013"
The myth of Zeus' test,"876,911 views | Iseult Gillespie • TED-Ed"
"""Accents""","360,020 views | Denice Frohman • TED-Ed"
The mathematics of love,"5,647,390 views | Hannah Fry • TEDxBinghamtonUniversity"
Should you care what your parents think?,"318,009 views | TED-Ed • TED-Ed"
"On tennis, love and motherhood","2,737,357 views | Serena Williams and Gayle King • TED2017"
A little-told tale of sex and sensuality,"2,456,771 views | Shereen El Feki • TEDGlobal 2013"
Why do we love? A philosophical inquiry,"6,815,567 views | Skye C. Cleary • TED-Ed"
The difference between healthy and unhealthy love,"10,154,316 views | Katie Hood • TED2019"
How to preserve your private life¬†in the age of social media,"1,789,967 views | Bryce Dallas Howard • TED2022"
Sex education should start with consent,"1,878,104 views | Kaz • TEDWomen 2021"
This is what enduring love looks like,"2,460,341 views | Alec Soth and Stacey Baker • TED2015"
What makes a good life? Lessons from the longest study on happiness,"43,771,692 views | Robert Waldinger • TEDxBeaconStreet"
A queer vision of love and marriage,"1,721,738 views | Tiq Milan and Kim Katrin Milan • TEDWomen 2016"
The mood-boosting power of crying,"1,573,445 views | Kathy Mendias • TED@PMI"
Love others to love yourself,"169,008 views | Keiichiro Hirano • TEDxKyoto"
What we can do about the culture of hate,"1,421,995 views | Sally Kohn • TEDWomen 2017"
"The routines, rituals and boundaries we need in stressful times","1,556,612 views | Esther Perel • TED Salon: DWEN"
What you can learn from people who disagree with you,"985,429 views | Shreya Joshi • TED2022"
You are not alone in your loneliness,"4,088,175 views | Jonny Sun • TED2019"